city,title,type,url,local_path,source,depth,status
佐伯市,公園位置図（PDF：904.4キロバイト）,PDF,https://www.city.saiki.oita.jp/kiji0034576/3_4576_46294_up_z1v8ykp1.pdf,output/pdfs\佐伯市_3_4576_46294_up_z1v8ykp1.pdf,https://www.city.saiki.oita.jp/kiji0034576/index.html,4,OK
佐伯市,第2次佐伯市都市計画マスタープラン（PDF：25.07メガバイト）,PDF,https://www.city.saiki.oita.jp/kiji0038926/3_8926_34143_up_kewskrv8.pdf,output/pdfs\佐伯市_3_8926_34143_up_kewskrv8.pdf,https://www.city.saiki.oita.jp/kiji0038926/index.html,4,OK
佐伯市,第2次佐伯市都市計画マスタープラン概要版（PDF：2.33メガバイト）,PDF,https://www.city.saiki.oita.jp/kiji0038926/3_8926_34145_up_nw1qa04o.pdf,output/pdfs\佐伯市_3_8926_34145_up_nw1qa04o.pdf,https://www.city.saiki.oita.jp/kiji0038926/index.html,4,OK
佐伯市,表紙、はじめに、目次（PDF：5.16メガバイト）,PDF,https://www.city.saiki.oita.jp/kiji0038926/3_8926_34100_up_z7t78x0b.pdf,output/pdfs\佐伯市_3_8926_34100_up_z7t78x0b.pdf,https://www.city.saiki.oita.jp/kiji0038926/index.html,4,OK
佐伯市,第1章　都市計画マスタープランについて（PDF：375.9キロバイト）,PDF,https://www.city.saiki.oita.jp/kiji0038926/3_8926_34091_up_u6rgin2m.pdf,output/pdfs\佐伯市_3_8926_34091_up_u6rgin2m.pdf,https://www.city.saiki.oita.jp/kiji0038926/index.html,4,OK
佐伯市,第2章　都市の現況と課題（PDF：8.41メガバイト）,PDF,https://www.city.saiki.oita.jp/kiji0038926/3_8926_34092_up_a236bmj2.pdf,output/pdfs\佐伯市_3_8926_34092_up_a236bmj2.pdf,https://www.city.saiki.oita.jp/kiji0038926/index.html,4,OK
佐伯市,第3章　将来都市像とまちづくりの基本方針（PDF：1.58メガバイト）,PDF,https://www.city.saiki.oita.jp/kiji0038926/3_8926_34093_up_7ajlazni.pdf,output/pdfs\佐伯市_3_8926_34093_up_7ajlazni.pdf,https://www.city.saiki.oita.jp/kiji0038926/index.html,4,OK
佐伯市,第4章　まちづくりの方針（全体構想）（PDF：5.51メガバイト）,PDF,https://www.city.saiki.oita.jp/kiji0038926/3_8926_34094_up_316xnv4r.pdf,output/pdfs\佐伯市_3_8926_34094_up_316xnv4r.pdf,https://www.city.saiki.oita.jp/kiji0038926/index.html,4,OK
佐伯市,第5章　地域別構想（PDF：3.88メガバイト）,PDF,https://www.city.saiki.oita.jp/kiji0038926/3_8926_34095_up_uo3akh0y.pdf,output/pdfs\佐伯市_3_8926_34095_up_uo3akh0y.pdf,https://www.city.saiki.oita.jp/kiji0038926/index.html,4,OK
佐伯市,第6章　まちづくりの推進の方策（PDF：1.63メガバイト）,PDF,https://www.city.saiki.oita.jp/kiji0038926/3_8926_34096_up_ujb4e6z0.pdf,output/pdfs\佐伯市_3_8926_34096_up_ujb4e6z0.pdf,https://www.city.saiki.oita.jp/kiji0038926/index.html,4,OK
佐伯市,参考資料（PDF：2.77メガバイト）,PDF,https://www.city.saiki.oita.jp/kiji0038926/3_8926_34102_up_8xxemml4.pdf,output/pdfs\佐伯市_3_8926_34102_up_8xxemml4.pdf,https://www.city.saiki.oita.jp/kiji0038926/index.html,4,OK
佐伯市,01（PDF：3.08メガバイト）,PDF,https://www.city.saiki.oita.jp/kiji0036161/3_6161_up_ksebb7jr.pdf,output/pdfs\佐伯市_3_6161_up_ksebb7jr.pdf,https://www.city.saiki.oita.jp/kiji0036161/index.html,4,OK
佐伯市,02（PDF：3メガバイト）,PDF,https://www.city.saiki.oita.jp/kiji0036161/3_6161_up_le42uy2v.pdf,output/pdfs\佐伯市_3_6161_up_le42uy2v.pdf,https://www.city.saiki.oita.jp/kiji0036161/index.html,4,OK
佐伯市,03（PDF：3.84メガバイト）,PDF,https://www.city.saiki.oita.jp/kiji0036161/3_6161_up_4wg5ke8r.pdf,output/pdfs\佐伯市_3_6161_up_4wg5ke8r.pdf,https://www.city.saiki.oita.jp/kiji0036161/index.html,4,OK
佐伯市,04（PDF：1.53メガバイト）,PDF,https://www.city.saiki.oita.jp/kiji0036161/3_6161_up_3u3dmuqn.pdf,output/pdfs\佐伯市_3_6161_up_3u3dmuqn.pdf,https://www.city.saiki.oita.jp/kiji0036161/index.html,4,OK
佐伯市,05（PDF：543.6キロバイト）,PDF,https://www.city.saiki.oita.jp/kiji0036161/3_6161_up_dluk26qg.pdf,output/pdfs\佐伯市_3_6161_up_dluk26qg.pdf,https://www.city.saiki.oita.jp/kiji0036161/index.html,4,OK
佐伯市,06（PDF：3.52メガバイト）,PDF,https://www.city.saiki.oita.jp/kiji0036161/3_6161_up_iz3vr1ky.pdf,output/pdfs\佐伯市_3_6161_up_iz3vr1ky.pdf,https://www.city.saiki.oita.jp/kiji0036161/index.html,4,OK
佐伯市,07（PDF：3.43メガバイト）,PDF,https://www.city.saiki.oita.jp/kiji0036161/3_6161_up_05lj5wav.pdf,output/pdfs\佐伯市_3_6161_up_05lj5wav.pdf,https://www.city.saiki.oita.jp/kiji0036161/index.html,4,OK
佐伯市,08（PDF：2.7メガバイト）,PDF,https://www.city.saiki.oita.jp/kiji0036161/3_6161_up_w4y3pyjl.pdf,output/pdfs\佐伯市_3_6161_up_w4y3pyjl.pdf,https://www.city.saiki.oita.jp/kiji0036161/index.html,4,OK
佐伯市,09（PDF：855キロバイト）,PDF,https://www.city.saiki.oita.jp/kiji0036161/3_6161_up_drjeggbo.pdf,output/pdfs\佐伯市_3_6161_up_drjeggbo.pdf,https://www.city.saiki.oita.jp/kiji0036161/index.html,4,OK
佐伯市,10（PDF：3.82メガバイト）,PDF,https://www.city.saiki.oita.jp/kiji0036161/3_6161_up_xr3l4cxb.pdf,output/pdfs\佐伯市_3_6161_up_xr3l4cxb.pdf,https://www.city.saiki.oita.jp/kiji0036161/index.html,4,OK
佐伯市,11（PDF：3.32メガバイト）,PDF,https://www.city.saiki.oita.jp/kiji0036161/3_6161_up_22i4qpke.pdf,output/pdfs\佐伯市_3_6161_up_22i4qpke.pdf,https://www.city.saiki.oita.jp/kiji0036161/index.html,4,OK
佐伯市,12（PDF：1.9メガバイト）,PDF,https://www.city.saiki.oita.jp/kiji0036161/3_6161_up_z1up8rt3.pdf,output/pdfs\佐伯市_3_6161_up_z1up8rt3.pdf,https://www.city.saiki.oita.jp/kiji0036161/index.html,4,OK
佐伯市,13（PDF：601.3キロバイト）,PDF,https://www.city.saiki.oita.jp/kiji0036161/3_6161_up_058cpid3.pdf,output/pdfs\佐伯市_3_6161_up_058cpid3.pdf,https://www.city.saiki.oita.jp/kiji0036161/index.html,4,OK
佐伯市,14（PDF：2.61メガバイト）,PDF,https://www.city.saiki.oita.jp/kiji0036161/3_6161_up_ql1w23js.pdf,output/pdfs\佐伯市_3_6161_up_ql1w23js.pdf,https://www.city.saiki.oita.jp/kiji0036161/index.html,4,OK
佐伯市,"佐伯都市計画縦覧図（都市計画区域全域）（10,000分の1）（PDF：26.97メガバイト）",PDF,https://www.city.saiki.oita.jp/kiji0036161/3_6161_up_00i1h0uw.pdf,output/pdfs\佐伯市_3_6161_up_00i1h0uw.pdf,https://www.city.saiki.oita.jp/kiji0036161/index.html,4,OK
佐伯市,01(02JG803)（PDF：424.6キロバイト）,PDF,https://www.city.saiki.oita.jp/kiji0036161/3_6161_up_dmdd7cwb.pdf,output/pdfs\佐伯市_3_6161_up_dmdd7cwb.pdf,https://www.city.saiki.oita.jp/kiji0036161/index.html,4,OK
佐伯市,02(02JG804)（PDF：855.9キロバイト）,PDF,https://www.city.saiki.oita.jp/kiji0036161/3_6161_up_vj2ynbcs.pdf,output/pdfs\佐伯市_3_6161_up_vj2ynbcs.pdf,https://www.city.saiki.oita.jp/kiji0036161/index.html,4,OK
佐伯市,03(02JG901)（PDF：1.01メガバイト）,PDF,https://www.city.saiki.oita.jp/kiji0036161/3_6161_up_lzmztm8v.pdf,output/pdfs\佐伯市_3_6161_up_lzmztm8v.pdf,https://www.city.saiki.oita.jp/kiji0036161/index.html,4,OK
佐伯市,04(02JG902)（PDF：1.56メガバイト）,PDF,https://www.city.saiki.oita.jp/kiji0036161/3_6161_up_ut2n2m02.pdf,output/pdfs\佐伯市_3_6161_up_ut2n2m02.pdf,https://www.city.saiki.oita.jp/kiji0036161/index.html,4,OK
佐伯市,05(02JG903)（PDF：1.02メガバイト）,PDF,https://www.city.saiki.oita.jp/kiji0036161/3_6161_up_jshtipc3.pdf,output/pdfs\佐伯市_3_6161_up_jshtipc3.pdf,https://www.city.saiki.oita.jp/kiji0036161/index.html,4,OK
佐伯市,06(02JG904)（PDF：1.58メガバイト）,PDF,https://www.city.saiki.oita.jp/kiji0036161/3_6161_up_gggyk8jk.pdf,output/pdfs\佐伯市_3_6161_up_gggyk8jk.pdf,https://www.city.saiki.oita.jp/kiji0036161/index.html,4,OK
佐伯市,07(02KG001)（PDF：780.7キロバイト）,PDF,https://www.city.saiki.oita.jp/kiji0036161/3_6161_up_z43sxheq.pdf,output/pdfs\佐伯市_3_6161_up_z43sxheq.pdf,https://www.city.saiki.oita.jp/kiji0036161/index.html,4,OK
佐伯市,08(02KG002)（PDF：1.48メガバイト）,PDF,https://www.city.saiki.oita.jp/kiji0036161/3_6161_up_dz6vsyjl.pdf,output/pdfs\佐伯市_3_6161_up_dz6vsyjl.pdf,https://www.city.saiki.oita.jp/kiji0036161/index.html,4,OK
佐伯市,09(02KG003)（PDF：1.95メガバイト）,PDF,https://www.city.saiki.oita.jp/kiji0036161/3_6161_up_7nca1sjo.pdf,output/pdfs\佐伯市_3_6161_up_7nca1sjo.pdf,https://www.city.saiki.oita.jp/kiji0036161/index.html,4,OK
佐伯市,10(02KG004)（PDF：2.05メガバイト）,PDF,https://www.city.saiki.oita.jp/kiji0036161/3_6161_up_cdy12hkn.pdf,output/pdfs\佐伯市_3_6161_up_cdy12hkn.pdf,https://www.city.saiki.oita.jp/kiji0036161/index.html,4,OK
佐伯市,11(02KG013)（PDF：951.9キロバイト）,PDF,https://www.city.saiki.oita.jp/kiji0036161/3_6161_up_s8uwpptt.pdf,output/pdfs\佐伯市_3_6161_up_s8uwpptt.pdf,https://www.city.saiki.oita.jp/kiji0036161/index.html,4,OK
佐伯市,12(02KG014)（PDF：481.9キロバイト）,PDF,https://www.city.saiki.oita.jp/kiji0036161/3_6161_up_joh4sjkh.pdf,output/pdfs\佐伯市_3_6161_up_joh4sjkh.pdf,https://www.city.saiki.oita.jp/kiji0036161/index.html,4,OK
佐伯市,13(02KF192)（PDF：678.9キロバイト）,PDF,https://www.city.saiki.oita.jp/kiji0036161/3_6161_up_bhqa17dc.pdf,output/pdfs\佐伯市_3_6161_up_bhqa17dc.pdf,https://www.city.saiki.oita.jp/kiji0036161/index.html,4,OK
佐伯市,14(02KG101)（PDF：1.82メガバイト）,PDF,https://www.city.saiki.oita.jp/kiji0036161/3_6161_up_kudue0ia.pdf,output/pdfs\佐伯市_3_6161_up_kudue0ia.pdf,https://www.city.saiki.oita.jp/kiji0036161/index.html,4,OK
佐伯市,15(02KG102)（PDF：1.78メガバイト）,PDF,https://www.city.saiki.oita.jp/kiji0036161/3_6161_up_0i31uvqe.pdf,output/pdfs\佐伯市_3_6161_up_0i31uvqe.pdf,https://www.city.saiki.oita.jp/kiji0036161/index.html,4,OK
佐伯市,16(02KG111)（PDF：1.45メガバイト）,PDF,https://www.city.saiki.oita.jp/kiji0036161/3_6161_up_eo0kwepv.pdf,output/pdfs\佐伯市_3_6161_up_eo0kwepv.pdf,https://www.city.saiki.oita.jp/kiji0036161/index.html,4,OK
佐伯市,17(02KG112)（PDF：622.7キロバイト）,PDF,https://www.city.saiki.oita.jp/kiji0036161/3_6161_up_2lo8gao4.pdf,output/pdfs\佐伯市_3_6161_up_2lo8gao4.pdf,https://www.city.saiki.oita.jp/kiji0036161/index.html,4,OK
佐伯市,18(02KF194)（PDF：995.1キロバイト）,PDF,https://www.city.saiki.oita.jp/kiji0036161/3_6161_up_wck7sc5b.pdf,output/pdfs\佐伯市_3_6161_up_wck7sc5b.pdf,https://www.city.saiki.oita.jp/kiji0036161/index.html,4,OK
佐伯市,19(02KG103)（PDF：1.88メガバイト）,PDF,https://www.city.saiki.oita.jp/kiji0036161/3_6161_up_jg21vqki.pdf,output/pdfs\佐伯市_3_6161_up_jg21vqki.pdf,https://www.city.saiki.oita.jp/kiji0036161/index.html,4,OK
佐伯市,20(02KG104)（PDF：1.67メガバイト）,PDF,https://www.city.saiki.oita.jp/kiji0036161/3_6161_up_4enji1q6.pdf,output/pdfs\佐伯市_3_6161_up_4enji1q6.pdf,https://www.city.saiki.oita.jp/kiji0036161/index.html,4,OK
佐伯市,21(02KG113)（PDF：1.05メガバイト）,PDF,https://www.city.saiki.oita.jp/kiji0036161/3_6161_up_rl1htcz5.pdf,output/pdfs\佐伯市_3_6161_up_rl1htcz5.pdf,https://www.city.saiki.oita.jp/kiji0036161/index.html,4,OK
佐伯市,22(02KG114)（PDF：527.6キロバイト）,PDF,https://www.city.saiki.oita.jp/kiji0036161/3_6161_up_i0opw5qt.pdf,output/pdfs\佐伯市_3_6161_up_i0opw5qt.pdf,https://www.city.saiki.oita.jp/kiji0036161/index.html,4,OK
佐伯市,23(02KF292)（PDF：684.4キロバイト）,PDF,https://www.city.saiki.oita.jp/kiji0036161/3_6161_up_aolrr6im.pdf,output/pdfs\佐伯市_3_6161_up_aolrr6im.pdf,https://www.city.saiki.oita.jp/kiji0036161/index.html,4,OK
佐伯市,24(02KG201)（PDF：1.79メガバイト）,PDF,https://www.city.saiki.oita.jp/kiji0036161/3_6161_up_b2wsjmr2.pdf,output/pdfs\佐伯市_3_6161_up_b2wsjmr2.pdf,https://www.city.saiki.oita.jp/kiji0036161/index.html,4,OK
佐伯市,25(02KG202)（PDF：1.37メガバイト）,PDF,https://www.city.saiki.oita.jp/kiji0036161/3_6161_up_rxtm4u08.pdf,output/pdfs\佐伯市_3_6161_up_rxtm4u08.pdf,https://www.city.saiki.oita.jp/kiji0036161/index.html,4,OK
佐伯市,26(02KG211)（PDF：504.7キロバイト）,PDF,https://www.city.saiki.oita.jp/kiji0036161/3_6161_up_n6r45j5n.pdf,output/pdfs\佐伯市_3_6161_up_n6r45j5n.pdf,https://www.city.saiki.oita.jp/kiji0036161/index.html,4,OK
佐伯市,27(02KG203)（PDF：690.4キロバイト）,PDF,https://www.city.saiki.oita.jp/kiji0036161/3_6161_up_158wgqui.pdf,output/pdfs\佐伯市_3_6161_up_158wgqui.pdf,https://www.city.saiki.oita.jp/kiji0036161/index.html,4,OK
佐伯市,28(02KG204)（PDF：512.5キロバイト）,PDF,https://www.city.saiki.oita.jp/kiji0036161/3_6161_up_z83hnn6d.pdf,output/pdfs\佐伯市_3_6161_up_z83hnn6d.pdf,https://www.city.saiki.oita.jp/kiji0036161/index.html,4,OK
佐伯市,"佐伯都市計画基本図（都市計画区域全域）（10,000分の1）（PDF：5.29メガバイト）",PDF,https://www.city.saiki.oita.jp/kiji0036161/3_6161_up_yvg4wbj5.pdf,output/pdfs\佐伯市_3_6161_up_yvg4wbj5.pdf,https://www.city.saiki.oita.jp/kiji0036161/index.html,4,OK
佐伯市,佐伯市バイオマス産業都市構想（PDF：2.4メガバイト）,PDF,https://www.city.saiki.oita.jp/kiji0032242/3_2242_1_biomas-kousou.pdf,output/pdfs\佐伯市_3_2242_1_biomas-kousou.pdf,https://www.city.saiki.oita.jp/kiji0032242/index.html,3,OK
佐伯市,イメージ図（PDF：858.9キロバイト）,PDF,https://www.city.saiki.oita.jp/kiji0032242/3_2242_2_biomas-image.pdf,output/pdfs\佐伯市_3_2242_2_biomas-image.pdf,https://www.city.saiki.oita.jp/kiji0032242/index.html,3,OK
佐伯市,バイオマス産業都市と選定地域について（PDF：833.6キロバイト）,PDF,https://www.city.saiki.oita.jp/kiji0032242/3_2242_3_biomas-toshi.pdf,output/pdfs\佐伯市_3_2242_3_biomas-toshi.pdf,https://www.city.saiki.oita.jp/kiji0032242/index.html,3,OK
佐伯市,佐伯市都市計画マスタープラン（PDF：57.08メガバイト）,PDF,https://www.city.saiki.oita.jp/kiji0031979/3_1979_3_mp.pdf,output/pdfs\佐伯市_3_1979_3_mp.pdf,https://www.city.saiki.oita.jp/kiji0031979/index.html,1,OK
佐伯市,佐伯市都市計画マスタープラン概要版（PDF：3.84メガバイト）,PDF,https://www.city.saiki.oita.jp/kiji0031979/3_1979_4_mpg.pdf,output/pdfs\佐伯市_3_1979_4_mpg.pdf,https://www.city.saiki.oita.jp/kiji0031979/index.html,1,OK
佐伯市,第2次佐伯市都市計画マスタープラン（PDF：25.07メガバイト）,PDF,https://www.city.saiki.oita.jp/kiji0038926/3_8926_34143_up_kewskrv8.pdf,output/pdfs\佐伯市_3_8926_34143_up_kewskrv8.pdf,https://www.city.saiki.oita.jp/kiji0038926/index.html,0,OK
佐伯市,第2次佐伯市都市計画マスタープラン概要版（PDF：2.33メガバイト）,PDF,https://www.city.saiki.oita.jp/kiji0038926/3_8926_34145_up_nw1qa04o.pdf,output/pdfs\佐伯市_3_8926_34145_up_nw1qa04o.pdf,https://www.city.saiki.oita.jp/kiji0038926/index.html,0,OK
佐伯市,表紙、はじめに、目次（PDF：5.16メガバイト）,PDF,https://www.city.saiki.oita.jp/kiji0038926/3_8926_34100_up_z7t78x0b.pdf,output/pdfs\佐伯市_3_8926_34100_up_z7t78x0b.pdf,https://www.city.saiki.oita.jp/kiji0038926/index.html,0,OK
佐伯市,第1章　都市計画マスタープランについて（PDF：375.9キロバイト）,PDF,https://www.city.saiki.oita.jp/kiji0038926/3_8926_34091_up_u6rgin2m.pdf,output/pdfs\佐伯市_3_8926_34091_up_u6rgin2m.pdf,https://www.city.saiki.oita.jp/kiji0038926/index.html,0,OK
佐伯市,第2章　都市の現況と課題（PDF：8.41メガバイト）,PDF,https://www.city.saiki.oita.jp/kiji0038926/3_8926_34092_up_a236bmj2.pdf,output/pdfs\佐伯市_3_8926_34092_up_a236bmj2.pdf,https://www.city.saiki.oita.jp/kiji0038926/index.html,0,OK
佐伯市,第3章　将来都市像とまちづくりの基本方針（PDF：1.58メガバイト）,PDF,https://www.city.saiki.oita.jp/kiji0038926/3_8926_34093_up_7ajlazni.pdf,output/pdfs\佐伯市_3_8926_34093_up_7ajlazni.pdf,https://www.city.saiki.oita.jp/kiji0038926/index.html,0,OK
佐伯市,第4章　まちづくりの方針（全体構想）（PDF：5.51メガバイト）,PDF,https://www.city.saiki.oita.jp/kiji0038926/3_8926_34094_up_316xnv4r.pdf,output/pdfs\佐伯市_3_8926_34094_up_316xnv4r.pdf,https://www.city.saiki.oita.jp/kiji0038926/index.html,0,OK
佐伯市,第5章　地域別構想（PDF：3.88メガバイト）,PDF,https://www.city.saiki.oita.jp/kiji0038926/3_8926_34095_up_uo3akh0y.pdf,output/pdfs\佐伯市_3_8926_34095_up_uo3akh0y.pdf,https://www.city.saiki.oita.jp/kiji0038926/index.html,0,OK
佐伯市,第6章　まちづくりの推進の方策（PDF：1.63メガバイト）,PDF,https://www.city.saiki.oita.jp/kiji0038926/3_8926_34096_up_ujb4e6z0.pdf,output/pdfs\佐伯市_3_8926_34096_up_ujb4e6z0.pdf,https://www.city.saiki.oita.jp/kiji0038926/index.html,0,OK
佐伯市,参考資料（PDF：2.77メガバイト）,PDF,https://www.city.saiki.oita.jp/kiji0038926/3_8926_34102_up_8xxemml4.pdf,output/pdfs\佐伯市_3_8926_34102_up_8xxemml4.pdf,https://www.city.saiki.oita.jp/kiji0038926/index.html,0,OK
佐伯市,公園位置図（PDF：904.4キロバイト）,PDF,https://www.city.saiki.oita.jp/kiji0034576/3_4576_46294_up_z1v8ykp1.pdf,output/pdfs\佐伯市_3_4576_46294_up_z1v8ykp1.pdf,https://www.city.saiki.oita.jp/kiji0034576/index.html,4,OK
佐伯市,01（PDF：3.08メガバイト）,PDF,https://www.city.saiki.oita.jp/kiji0036161/3_6161_up_ksebb7jr.pdf,output/pdfs\佐伯市_3_6161_up_ksebb7jr.pdf,https://www.city.saiki.oita.jp/kiji0036161/index.html,4,OK
佐伯市,02（PDF：3メガバイト）,PDF,https://www.city.saiki.oita.jp/kiji0036161/3_6161_up_le42uy2v.pdf,output/pdfs\佐伯市_3_6161_up_le42uy2v.pdf,https://www.city.saiki.oita.jp/kiji0036161/index.html,4,OK
佐伯市,03（PDF：3.84メガバイト）,PDF,https://www.city.saiki.oita.jp/kiji0036161/3_6161_up_4wg5ke8r.pdf,output/pdfs\佐伯市_3_6161_up_4wg5ke8r.pdf,https://www.city.saiki.oita.jp/kiji0036161/index.html,4,OK
佐伯市,04（PDF：1.53メガバイト）,PDF,https://www.city.saiki.oita.jp/kiji0036161/3_6161_up_3u3dmuqn.pdf,output/pdfs\佐伯市_3_6161_up_3u3dmuqn.pdf,https://www.city.saiki.oita.jp/kiji0036161/index.html,4,OK
佐伯市,05（PDF：543.6キロバイト）,PDF,https://www.city.saiki.oita.jp/kiji0036161/3_6161_up_dluk26qg.pdf,output/pdfs\佐伯市_3_6161_up_dluk26qg.pdf,https://www.city.saiki.oita.jp/kiji0036161/index.html,4,OK
佐伯市,06（PDF：3.52メガバイト）,PDF,https://www.city.saiki.oita.jp/kiji0036161/3_6161_up_iz3vr1ky.pdf,output/pdfs\佐伯市_3_6161_up_iz3vr1ky.pdf,https://www.city.saiki.oita.jp/kiji0036161/index.html,4,OK
佐伯市,07（PDF：3.43メガバイト）,PDF,https://www.city.saiki.oita.jp/kiji0036161/3_6161_up_05lj5wav.pdf,output/pdfs\佐伯市_3_6161_up_05lj5wav.pdf,https://www.city.saiki.oita.jp/kiji0036161/index.html,4,OK
佐伯市,08（PDF：2.7メガバイト）,PDF,https://www.city.saiki.oita.jp/kiji0036161/3_6161_up_w4y3pyjl.pdf,output/pdfs\佐伯市_3_6161_up_w4y3pyjl.pdf,https://www.city.saiki.oita.jp/kiji0036161/index.html,4,OK
佐伯市,09（PDF：855キロバイト）,PDF,https://www.city.saiki.oita.jp/kiji0036161/3_6161_up_drjeggbo.pdf,output/pdfs\佐伯市_3_6161_up_drjeggbo.pdf,https://www.city.saiki.oita.jp/kiji0036161/index.html,4,OK
佐伯市,10（PDF：3.82メガバイト）,PDF,https://www.city.saiki.oita.jp/kiji0036161/3_6161_up_xr3l4cxb.pdf,output/pdfs\佐伯市_3_6161_up_xr3l4cxb.pdf,https://www.city.saiki.oita.jp/kiji0036161/index.html,4,OK
佐伯市,11（PDF：3.32メガバイト）,PDF,https://www.city.saiki.oita.jp/kiji0036161/3_6161_up_22i4qpke.pdf,output/pdfs\佐伯市_3_6161_up_22i4qpke.pdf,https://www.city.saiki.oita.jp/kiji0036161/index.html,4,OK
佐伯市,12（PDF：1.9メガバイト）,PDF,https://www.city.saiki.oita.jp/kiji0036161/3_6161_up_z1up8rt3.pdf,output/pdfs\佐伯市_3_6161_up_z1up8rt3.pdf,https://www.city.saiki.oita.jp/kiji0036161/index.html,4,OK
佐伯市,13（PDF：601.3キロバイト）,PDF,https://www.city.saiki.oita.jp/kiji0036161/3_6161_up_058cpid3.pdf,output/pdfs\佐伯市_3_6161_up_058cpid3.pdf,https://www.city.saiki.oita.jp/kiji0036161/index.html,4,OK
佐伯市,14（PDF：2.61メガバイト）,PDF,https://www.city.saiki.oita.jp/kiji0036161/3_6161_up_ql1w23js.pdf,output/pdfs\佐伯市_3_6161_up_ql1w23js.pdf,https://www.city.saiki.oita.jp/kiji0036161/index.html,4,OK
佐伯市,"佐伯都市計画縦覧図（都市計画区域全域）（10,000分の1）（PDF：26.97メガバイト）",PDF,https://www.city.saiki.oita.jp/kiji0036161/3_6161_up_00i1h0uw.pdf,output/pdfs\佐伯市_3_6161_up_00i1h0uw.pdf,https://www.city.saiki.oita.jp/kiji0036161/index.html,4,OK
佐伯市,01(02JG803)（PDF：424.6キロバイト）,PDF,https://www.city.saiki.oita.jp/kiji0036161/3_6161_up_dmdd7cwb.pdf,output/pdfs\佐伯市_3_6161_up_dmdd7cwb.pdf,https://www.city.saiki.oita.jp/kiji0036161/index.html,4,OK
佐伯市,02(02JG804)（PDF：855.9キロバイト）,PDF,https://www.city.saiki.oita.jp/kiji0036161/3_6161_up_vj2ynbcs.pdf,output/pdfs\佐伯市_3_6161_up_vj2ynbcs.pdf,https://www.city.saiki.oita.jp/kiji0036161/index.html,4,OK
佐伯市,03(02JG901)（PDF：1.01メガバイト）,PDF,https://www.city.saiki.oita.jp/kiji0036161/3_6161_up_lzmztm8v.pdf,output/pdfs\佐伯市_3_6161_up_lzmztm8v.pdf,https://www.city.saiki.oita.jp/kiji0036161/index.html,4,OK
佐伯市,04(02JG902)（PDF：1.56メガバイト）,PDF,https://www.city.saiki.oita.jp/kiji0036161/3_6161_up_ut2n2m02.pdf,output/pdfs\佐伯市_3_6161_up_ut2n2m02.pdf,https://www.city.saiki.oita.jp/kiji0036161/index.html,4,OK
佐伯市,05(02JG903)（PDF：1.02メガバイト）,PDF,https://www.city.saiki.oita.jp/kiji0036161/3_6161_up_jshtipc3.pdf,output/pdfs\佐伯市_3_6161_up_jshtipc3.pdf,https://www.city.saiki.oita.jp/kiji0036161/index.html,4,OK
佐伯市,06(02JG904)（PDF：1.58メガバイト）,PDF,https://www.city.saiki.oita.jp/kiji0036161/3_6161_up_gggyk8jk.pdf,output/pdfs\佐伯市_3_6161_up_gggyk8jk.pdf,https://www.city.saiki.oita.jp/kiji0036161/index.html,4,OK
佐伯市,07(02KG001)（PDF：780.7キロバイト）,PDF,https://www.city.saiki.oita.jp/kiji0036161/3_6161_up_z43sxheq.pdf,output/pdfs\佐伯市_3_6161_up_z43sxheq.pdf,https://www.city.saiki.oita.jp/kiji0036161/index.html,4,OK
佐伯市,08(02KG002)（PDF：1.48メガバイト）,PDF,https://www.city.saiki.oita.jp/kiji0036161/3_6161_up_dz6vsyjl.pdf,output/pdfs\佐伯市_3_6161_up_dz6vsyjl.pdf,https://www.city.saiki.oita.jp/kiji0036161/index.html,4,OK
佐伯市,09(02KG003)（PDF：1.95メガバイト）,PDF,https://www.city.saiki.oita.jp/kiji0036161/3_6161_up_7nca1sjo.pdf,output/pdfs\佐伯市_3_6161_up_7nca1sjo.pdf,https://www.city.saiki.oita.jp/kiji0036161/index.html,4,OK
佐伯市,10(02KG004)（PDF：2.05メガバイト）,PDF,https://www.city.saiki.oita.jp/kiji0036161/3_6161_up_cdy12hkn.pdf,output/pdfs\佐伯市_3_6161_up_cdy12hkn.pdf,https://www.city.saiki.oita.jp/kiji0036161/index.html,4,OK
佐伯市,11(02KG013)（PDF：951.9キロバイト）,PDF,https://www.city.saiki.oita.jp/kiji0036161/3_6161_up_s8uwpptt.pdf,output/pdfs\佐伯市_3_6161_up_s8uwpptt.pdf,https://www.city.saiki.oita.jp/kiji0036161/index.html,4,OK
佐伯市,12(02KG014)（PDF：481.9キロバイト）,PDF,https://www.city.saiki.oita.jp/kiji0036161/3_6161_up_joh4sjkh.pdf,output/pdfs\佐伯市_3_6161_up_joh4sjkh.pdf,https://www.city.saiki.oita.jp/kiji0036161/index.html,4,OK
佐伯市,13(02KF192)（PDF：678.9キロバイト）,PDF,https://www.city.saiki.oita.jp/kiji0036161/3_6161_up_bhqa17dc.pdf,output/pdfs\佐伯市_3_6161_up_bhqa17dc.pdf,https://www.city.saiki.oita.jp/kiji0036161/index.html,4,OK
佐伯市,14(02KG101)（PDF：1.82メガバイト）,PDF,https://www.city.saiki.oita.jp/kiji0036161/3_6161_up_kudue0ia.pdf,output/pdfs\佐伯市_3_6161_up_kudue0ia.pdf,https://www.city.saiki.oita.jp/kiji0036161/index.html,4,OK
佐伯市,15(02KG102)（PDF：1.78メガバイト）,PDF,https://www.city.saiki.oita.jp/kiji0036161/3_6161_up_0i31uvqe.pdf,output/pdfs\佐伯市_3_6161_up_0i31uvqe.pdf,https://www.city.saiki.oita.jp/kiji0036161/index.html,4,OK
佐伯市,16(02KG111)（PDF：1.45メガバイト）,PDF,https://www.city.saiki.oita.jp/kiji0036161/3_6161_up_eo0kwepv.pdf,output/pdfs\佐伯市_3_6161_up_eo0kwepv.pdf,https://www.city.saiki.oita.jp/kiji0036161/index.html,4,OK
佐伯市,17(02KG112)（PDF：622.7キロバイト）,PDF,https://www.city.saiki.oita.jp/kiji0036161/3_6161_up_2lo8gao4.pdf,output/pdfs\佐伯市_3_6161_up_2lo8gao4.pdf,https://www.city.saiki.oita.jp/kiji0036161/index.html,4,OK
佐伯市,18(02KF194)（PDF：995.1キロバイト）,PDF,https://www.city.saiki.oita.jp/kiji0036161/3_6161_up_wck7sc5b.pdf,output/pdfs\佐伯市_3_6161_up_wck7sc5b.pdf,https://www.city.saiki.oita.jp/kiji0036161/index.html,4,OK
佐伯市,19(02KG103)（PDF：1.88メガバイト）,PDF,https://www.city.saiki.oita.jp/kiji0036161/3_6161_up_jg21vqki.pdf,output/pdfs\佐伯市_3_6161_up_jg21vqki.pdf,https://www.city.saiki.oita.jp/kiji0036161/index.html,4,OK
佐伯市,20(02KG104)（PDF：1.67メガバイト）,PDF,https://www.city.saiki.oita.jp/kiji0036161/3_6161_up_4enji1q6.pdf,output/pdfs\佐伯市_3_6161_up_4enji1q6.pdf,https://www.city.saiki.oita.jp/kiji0036161/index.html,4,OK
佐伯市,21(02KG113)（PDF：1.05メガバイト）,PDF,https://www.city.saiki.oita.jp/kiji0036161/3_6161_up_rl1htcz5.pdf,output/pdfs\佐伯市_3_6161_up_rl1htcz5.pdf,https://www.city.saiki.oita.jp/kiji0036161/index.html,4,OK
佐伯市,22(02KG114)（PDF：527.6キロバイト）,PDF,https://www.city.saiki.oita.jp/kiji0036161/3_6161_up_i0opw5qt.pdf,output/pdfs\佐伯市_3_6161_up_i0opw5qt.pdf,https://www.city.saiki.oita.jp/kiji0036161/index.html,4,OK
佐伯市,23(02KF292)（PDF：684.4キロバイト）,PDF,https://www.city.saiki.oita.jp/kiji0036161/3_6161_up_aolrr6im.pdf,output/pdfs\佐伯市_3_6161_up_aolrr6im.pdf,https://www.city.saiki.oita.jp/kiji0036161/index.html,4,OK
佐伯市,24(02KG201)（PDF：1.79メガバイト）,PDF,https://www.city.saiki.oita.jp/kiji0036161/3_6161_up_b2wsjmr2.pdf,output/pdfs\佐伯市_3_6161_up_b2wsjmr2.pdf,https://www.city.saiki.oita.jp/kiji0036161/index.html,4,OK
佐伯市,25(02KG202)（PDF：1.37メガバイト）,PDF,https://www.city.saiki.oita.jp/kiji0036161/3_6161_up_rxtm4u08.pdf,output/pdfs\佐伯市_3_6161_up_rxtm4u08.pdf,https://www.city.saiki.oita.jp/kiji0036161/index.html,4,OK
佐伯市,26(02KG211)（PDF：504.7キロバイト）,PDF,https://www.city.saiki.oita.jp/kiji0036161/3_6161_up_n6r45j5n.pdf,output/pdfs\佐伯市_3_6161_up_n6r45j5n.pdf,https://www.city.saiki.oita.jp/kiji0036161/index.html,4,OK
佐伯市,27(02KG203)（PDF：690.4キロバイト）,PDF,https://www.city.saiki.oita.jp/kiji0036161/3_6161_up_158wgqui.pdf,output/pdfs\佐伯市_3_6161_up_158wgqui.pdf,https://www.city.saiki.oita.jp/kiji0036161/index.html,4,OK
佐伯市,28(02KG204)（PDF：512.5キロバイト）,PDF,https://www.city.saiki.oita.jp/kiji0036161/3_6161_up_z83hnn6d.pdf,output/pdfs\佐伯市_3_6161_up_z83hnn6d.pdf,https://www.city.saiki.oita.jp/kiji0036161/index.html,4,OK
佐伯市,"佐伯都市計画基本図（都市計画区域全域）（10,000分の1）（PDF：5.29メガバイト）",PDF,https://www.city.saiki.oita.jp/kiji0036161/3_6161_up_yvg4wbj5.pdf,output/pdfs\佐伯市_3_6161_up_yvg4wbj5.pdf,https://www.city.saiki.oita.jp/kiji0036161/index.html,4,OK
佐伯市,佐伯市バイオマス産業都市構想（PDF：2.4メガバイト）,PDF,https://www.city.saiki.oita.jp/kiji0032242/3_2242_1_biomas-kousou.pdf,output/pdfs\佐伯市_3_2242_1_biomas-kousou.pdf,https://www.city.saiki.oita.jp/kiji0032242/index.html,3,OK
佐伯市,イメージ図（PDF：858.9キロバイト）,PDF,https://www.city.saiki.oita.jp/kiji0032242/3_2242_2_biomas-image.pdf,output/pdfs\佐伯市_3_2242_2_biomas-image.pdf,https://www.city.saiki.oita.jp/kiji0032242/index.html,3,OK
佐伯市,バイオマス産業都市と選定地域について（PDF：833.6キロバイト）,PDF,https://www.city.saiki.oita.jp/kiji0032242/3_2242_3_biomas-toshi.pdf,output/pdfs\佐伯市_3_2242_3_biomas-toshi.pdf,https://www.city.saiki.oita.jp/kiji0032242/index.html,3,OK
佐伯市,佐伯市都市計画マスタープラン（PDF：57.08メガバイト）,PDF,https://www.city.saiki.oita.jp/kiji0031979/3_1979_3_mp.pdf,output/pdfs\佐伯市_3_1979_3_mp.pdf,https://www.city.saiki.oita.jp/kiji0031979/index.html,0,OK
佐伯市,佐伯市都市計画マスタープラン概要版（PDF：3.84メガバイト）,PDF,https://www.city.saiki.oita.jp/kiji0031979/3_1979_4_mpg.pdf,output/pdfs\佐伯市_3_1979_4_mpg.pdf,https://www.city.saiki.oita.jp/kiji0031979/index.html,0,OK
佐伯市,公園位置図（PDF：904.4キロバイト）,PDF,https://www.city.saiki.oita.jp/kiji0034576/3_4576_46294_up_z1v8ykp1.pdf,output/pdfs\佐伯市_3_4576_46294_up_z1v8ykp1.pdf,https://www.city.saiki.oita.jp/kiji0034576/index.html,4,OK
佐伯市,第2次佐伯市都市計画マスタープラン（PDF：25.07メガバイト）,PDF,https://www.city.saiki.oita.jp/kiji0038926/3_8926_34143_up_kewskrv8.pdf,output/pdfs\佐伯市_3_8926_34143_up_kewskrv8.pdf,https://www.city.saiki.oita.jp/kiji0038926/index.html,4,OK
佐伯市,第2次佐伯市都市計画マスタープラン概要版（PDF：2.33メガバイト）,PDF,https://www.city.saiki.oita.jp/kiji0038926/3_8926_34145_up_nw1qa04o.pdf,output/pdfs\佐伯市_3_8926_34145_up_nw1qa04o.pdf,https://www.city.saiki.oita.jp/kiji0038926/index.html,4,OK
佐伯市,表紙、はじめに、目次（PDF：5.16メガバイト）,PDF,https://www.city.saiki.oita.jp/kiji0038926/3_8926_34100_up_z7t78x0b.pdf,output/pdfs\佐伯市_3_8926_34100_up_z7t78x0b.pdf,https://www.city.saiki.oita.jp/kiji0038926/index.html,4,OK
佐伯市,第1章　都市計画マスタープランについて（PDF：375.9キロバイト）,PDF,https://www.city.saiki.oita.jp/kiji0038926/3_8926_34091_up_u6rgin2m.pdf,output/pdfs\佐伯市_3_8926_34091_up_u6rgin2m.pdf,https://www.city.saiki.oita.jp/kiji0038926/index.html,4,OK
佐伯市,第2章　都市の現況と課題（PDF：8.41メガバイト）,PDF,https://www.city.saiki.oita.jp/kiji0038926/3_8926_34092_up_a236bmj2.pdf,output/pdfs\佐伯市_3_8926_34092_up_a236bmj2.pdf,https://www.city.saiki.oita.jp/kiji0038926/index.html,4,OK
佐伯市,第3章　将来都市像とまちづくりの基本方針（PDF：1.58メガバイト）,PDF,https://www.city.saiki.oita.jp/kiji0038926/3_8926_34093_up_7ajlazni.pdf,output/pdfs\佐伯市_3_8926_34093_up_7ajlazni.pdf,https://www.city.saiki.oita.jp/kiji0038926/index.html,4,OK
佐伯市,第4章　まちづくりの方針（全体構想）（PDF：5.51メガバイト）,PDF,https://www.city.saiki.oita.jp/kiji0038926/3_8926_34094_up_316xnv4r.pdf,output/pdfs\佐伯市_3_8926_34094_up_316xnv4r.pdf,https://www.city.saiki.oita.jp/kiji0038926/index.html,4,OK
佐伯市,第5章　地域別構想（PDF：3.88メガバイト）,PDF,https://www.city.saiki.oita.jp/kiji0038926/3_8926_34095_up_uo3akh0y.pdf,output/pdfs\佐伯市_3_8926_34095_up_uo3akh0y.pdf,https://www.city.saiki.oita.jp/kiji0038926/index.html,4,OK
佐伯市,第6章　まちづくりの推進の方策（PDF：1.63メガバイト）,PDF,https://www.city.saiki.oita.jp/kiji0038926/3_8926_34096_up_ujb4e6z0.pdf,output/pdfs\佐伯市_3_8926_34096_up_ujb4e6z0.pdf,https://www.city.saiki.oita.jp/kiji0038926/index.html,4,OK
佐伯市,参考資料（PDF：2.77メガバイト）,PDF,https://www.city.saiki.oita.jp/kiji0038926/3_8926_34102_up_8xxemml4.pdf,output/pdfs\佐伯市_3_8926_34102_up_8xxemml4.pdf,https://www.city.saiki.oita.jp/kiji0038926/index.html,4,OK
佐伯市,01（PDF：3.08メガバイト）,PDF,https://www.city.saiki.oita.jp/kiji0036161/3_6161_up_ksebb7jr.pdf,output/pdfs\佐伯市_3_6161_up_ksebb7jr.pdf,https://www.city.saiki.oita.jp/kiji0036161/index.html,4,OK
佐伯市,02（PDF：3メガバイト）,PDF,https://www.city.saiki.oita.jp/kiji0036161/3_6161_up_le42uy2v.pdf,output/pdfs\佐伯市_3_6161_up_le42uy2v.pdf,https://www.city.saiki.oita.jp/kiji0036161/index.html,4,OK
佐伯市,03（PDF：3.84メガバイト）,PDF,https://www.city.saiki.oita.jp/kiji0036161/3_6161_up_4wg5ke8r.pdf,output/pdfs\佐伯市_3_6161_up_4wg5ke8r.pdf,https://www.city.saiki.oita.jp/kiji0036161/index.html,4,OK
佐伯市,04（PDF：1.53メガバイト）,PDF,https://www.city.saiki.oita.jp/kiji0036161/3_6161_up_3u3dmuqn.pdf,output/pdfs\佐伯市_3_6161_up_3u3dmuqn.pdf,https://www.city.saiki.oita.jp/kiji0036161/index.html,4,OK
佐伯市,05（PDF：543.6キロバイト）,PDF,https://www.city.saiki.oita.jp/kiji0036161/3_6161_up_dluk26qg.pdf,output/pdfs\佐伯市_3_6161_up_dluk26qg.pdf,https://www.city.saiki.oita.jp/kiji0036161/index.html,4,OK
佐伯市,06（PDF：3.52メガバイト）,PDF,https://www.city.saiki.oita.jp/kiji0036161/3_6161_up_iz3vr1ky.pdf,output/pdfs\佐伯市_3_6161_up_iz3vr1ky.pdf,https://www.city.saiki.oita.jp/kiji0036161/index.html,4,OK
佐伯市,07（PDF：3.43メガバイト）,PDF,https://www.city.saiki.oita.jp/kiji0036161/3_6161_up_05lj5wav.pdf,output/pdfs\佐伯市_3_6161_up_05lj5wav.pdf,https://www.city.saiki.oita.jp/kiji0036161/index.html,4,OK
佐伯市,08（PDF：2.7メガバイト）,PDF,https://www.city.saiki.oita.jp/kiji0036161/3_6161_up_w4y3pyjl.pdf,output/pdfs\佐伯市_3_6161_up_w4y3pyjl.pdf,https://www.city.saiki.oita.jp/kiji0036161/index.html,4,OK
佐伯市,09（PDF：855キロバイト）,PDF,https://www.city.saiki.oita.jp/kiji0036161/3_6161_up_drjeggbo.pdf,output/pdfs\佐伯市_3_6161_up_drjeggbo.pdf,https://www.city.saiki.oita.jp/kiji0036161/index.html,4,OK
佐伯市,10（PDF：3.82メガバイト）,PDF,https://www.city.saiki.oita.jp/kiji0036161/3_6161_up_xr3l4cxb.pdf,output/pdfs\佐伯市_3_6161_up_xr3l4cxb.pdf,https://www.city.saiki.oita.jp/kiji0036161/index.html,4,OK
佐伯市,11（PDF：3.32メガバイト）,PDF,https://www.city.saiki.oita.jp/kiji0036161/3_6161_up_22i4qpke.pdf,output/pdfs\佐伯市_3_6161_up_22i4qpke.pdf,https://www.city.saiki.oita.jp/kiji0036161/index.html,4,OK
佐伯市,12（PDF：1.9メガバイト）,PDF,https://www.city.saiki.oita.jp/kiji0036161/3_6161_up_z1up8rt3.pdf,output/pdfs\佐伯市_3_6161_up_z1up8rt3.pdf,https://www.city.saiki.oita.jp/kiji0036161/index.html,4,OK
佐伯市,13（PDF：601.3キロバイト）,PDF,https://www.city.saiki.oita.jp/kiji0036161/3_6161_up_058cpid3.pdf,output/pdfs\佐伯市_3_6161_up_058cpid3.pdf,https://www.city.saiki.oita.jp/kiji0036161/index.html,4,OK
佐伯市,14（PDF：2.61メガバイト）,PDF,https://www.city.saiki.oita.jp/kiji0036161/3_6161_up_ql1w23js.pdf,output/pdfs\佐伯市_3_6161_up_ql1w23js.pdf,https://www.city.saiki.oita.jp/kiji0036161/index.html,4,OK
佐伯市,"佐伯都市計画縦覧図（都市計画区域全域）（10,000分の1）（PDF：26.97メガバイト）",PDF,https://www.city.saiki.oita.jp/kiji0036161/3_6161_up_00i1h0uw.pdf,output/pdfs\佐伯市_3_6161_up_00i1h0uw.pdf,https://www.city.saiki.oita.jp/kiji0036161/index.html,4,OK
佐伯市,01(02JG803)（PDF：424.6キロバイト）,PDF,https://www.city.saiki.oita.jp/kiji0036161/3_6161_up_dmdd7cwb.pdf,output/pdfs\佐伯市_3_6161_up_dmdd7cwb.pdf,https://www.city.saiki.oita.jp/kiji0036161/index.html,4,OK
佐伯市,02(02JG804)（PDF：855.9キロバイト）,PDF,https://www.city.saiki.oita.jp/kiji0036161/3_6161_up_vj2ynbcs.pdf,output/pdfs\佐伯市_3_6161_up_vj2ynbcs.pdf,https://www.city.saiki.oita.jp/kiji0036161/index.html,4,OK
佐伯市,03(02JG901)（PDF：1.01メガバイト）,PDF,https://www.city.saiki.oita.jp/kiji0036161/3_6161_up_lzmztm8v.pdf,output/pdfs\佐伯市_3_6161_up_lzmztm8v.pdf,https://www.city.saiki.oita.jp/kiji0036161/index.html,4,OK
佐伯市,04(02JG902)（PDF：1.56メガバイト）,PDF,https://www.city.saiki.oita.jp/kiji0036161/3_6161_up_ut2n2m02.pdf,output/pdfs\佐伯市_3_6161_up_ut2n2m02.pdf,https://www.city.saiki.oita.jp/kiji0036161/index.html,4,OK
佐伯市,05(02JG903)（PDF：1.02メガバイト）,PDF,https://www.city.saiki.oita.jp/kiji0036161/3_6161_up_jshtipc3.pdf,output/pdfs\佐伯市_3_6161_up_jshtipc3.pdf,https://www.city.saiki.oita.jp/kiji0036161/index.html,4,OK
佐伯市,06(02JG904)（PDF：1.58メガバイト）,PDF,https://www.city.saiki.oita.jp/kiji0036161/3_6161_up_gggyk8jk.pdf,output/pdfs\佐伯市_3_6161_up_gggyk8jk.pdf,https://www.city.saiki.oita.jp/kiji0036161/index.html,4,OK
佐伯市,07(02KG001)（PDF：780.7キロバイト）,PDF,https://www.city.saiki.oita.jp/kiji0036161/3_6161_up_z43sxheq.pdf,output/pdfs\佐伯市_3_6161_up_z43sxheq.pdf,https://www.city.saiki.oita.jp/kiji0036161/index.html,4,OK
佐伯市,08(02KG002)（PDF：1.48メガバイト）,PDF,https://www.city.saiki.oita.jp/kiji0036161/3_6161_up_dz6vsyjl.pdf,output/pdfs\佐伯市_3_6161_up_dz6vsyjl.pdf,https://www.city.saiki.oita.jp/kiji0036161/index.html,4,OK
佐伯市,09(02KG003)（PDF：1.95メガバイト）,PDF,https://www.city.saiki.oita.jp/kiji0036161/3_6161_up_7nca1sjo.pdf,output/pdfs\佐伯市_3_6161_up_7nca1sjo.pdf,https://www.city.saiki.oita.jp/kiji0036161/index.html,4,OK
佐伯市,10(02KG004)（PDF：2.05メガバイト）,PDF,https://www.city.saiki.oita.jp/kiji0036161/3_6161_up_cdy12hkn.pdf,output/pdfs\佐伯市_3_6161_up_cdy12hkn.pdf,https://www.city.saiki.oita.jp/kiji0036161/index.html,4,OK
佐伯市,11(02KG013)（PDF：951.9キロバイト）,PDF,https://www.city.saiki.oita.jp/kiji0036161/3_6161_up_s8uwpptt.pdf,output/pdfs\佐伯市_3_6161_up_s8uwpptt.pdf,https://www.city.saiki.oita.jp/kiji0036161/index.html,4,OK
佐伯市,12(02KG014)（PDF：481.9キロバイト）,PDF,https://www.city.saiki.oita.jp/kiji0036161/3_6161_up_joh4sjkh.pdf,output/pdfs\佐伯市_3_6161_up_joh4sjkh.pdf,https://www.city.saiki.oita.jp/kiji0036161/index.html,4,OK
佐伯市,13(02KF192)（PDF：678.9キロバイト）,PDF,https://www.city.saiki.oita.jp/kiji0036161/3_6161_up_bhqa17dc.pdf,output/pdfs\佐伯市_3_6161_up_bhqa17dc.pdf,https://www.city.saiki.oita.jp/kiji0036161/index.html,4,OK
佐伯市,14(02KG101)（PDF：1.82メガバイト）,PDF,https://www.city.saiki.oita.jp/kiji0036161/3_6161_up_kudue0ia.pdf,output/pdfs\佐伯市_3_6161_up_kudue0ia.pdf,https://www.city.saiki.oita.jp/kiji0036161/index.html,4,OK
佐伯市,15(02KG102)（PDF：1.78メガバイト）,PDF,https://www.city.saiki.oita.jp/kiji0036161/3_6161_up_0i31uvqe.pdf,output/pdfs\佐伯市_3_6161_up_0i31uvqe.pdf,https://www.city.saiki.oita.jp/kiji0036161/index.html,4,OK
佐伯市,16(02KG111)（PDF：1.45メガバイト）,PDF,https://www.city.saiki.oita.jp/kiji0036161/3_6161_up_eo0kwepv.pdf,output/pdfs\佐伯市_3_6161_up_eo0kwepv.pdf,https://www.city.saiki.oita.jp/kiji0036161/index.html,4,OK
佐伯市,17(02KG112)（PDF：622.7キロバイト）,PDF,https://www.city.saiki.oita.jp/kiji0036161/3_6161_up_2lo8gao4.pdf,output/pdfs\佐伯市_3_6161_up_2lo8gao4.pdf,https://www.city.saiki.oita.jp/kiji0036161/index.html,4,OK
佐伯市,18(02KF194)（PDF：995.1キロバイト）,PDF,https://www.city.saiki.oita.jp/kiji0036161/3_6161_up_wck7sc5b.pdf,output/pdfs\佐伯市_3_6161_up_wck7sc5b.pdf,https://www.city.saiki.oita.jp/kiji0036161/index.html,4,OK
佐伯市,19(02KG103)（PDF：1.88メガバイト）,PDF,https://www.city.saiki.oita.jp/kiji0036161/3_6161_up_jg21vqki.pdf,output/pdfs\佐伯市_3_6161_up_jg21vqki.pdf,https://www.city.saiki.oita.jp/kiji0036161/index.html,4,OK
佐伯市,20(02KG104)（PDF：1.67メガバイト）,PDF,https://www.city.saiki.oita.jp/kiji0036161/3_6161_up_4enji1q6.pdf,output/pdfs\佐伯市_3_6161_up_4enji1q6.pdf,https://www.city.saiki.oita.jp/kiji0036161/index.html,4,OK
佐伯市,21(02KG113)（PDF：1.05メガバイト）,PDF,https://www.city.saiki.oita.jp/kiji0036161/3_6161_up_rl1htcz5.pdf,output/pdfs\佐伯市_3_6161_up_rl1htcz5.pdf,https://www.city.saiki.oita.jp/kiji0036161/index.html,4,OK
佐伯市,22(02KG114)（PDF：527.6キロバイト）,PDF,https://www.city.saiki.oita.jp/kiji0036161/3_6161_up_i0opw5qt.pdf,output/pdfs\佐伯市_3_6161_up_i0opw5qt.pdf,https://www.city.saiki.oita.jp/kiji0036161/index.html,4,OK
佐伯市,23(02KF292)（PDF：684.4キロバイト）,PDF,https://www.city.saiki.oita.jp/kiji0036161/3_6161_up_aolrr6im.pdf,output/pdfs\佐伯市_3_6161_up_aolrr6im.pdf,https://www.city.saiki.oita.jp/kiji0036161/index.html,4,OK
佐伯市,24(02KG201)（PDF：1.79メガバイト）,PDF,https://www.city.saiki.oita.jp/kiji0036161/3_6161_up_b2wsjmr2.pdf,output/pdfs\佐伯市_3_6161_up_b2wsjmr2.pdf,https://www.city.saiki.oita.jp/kiji0036161/index.html,4,OK
佐伯市,25(02KG202)（PDF：1.37メガバイト）,PDF,https://www.city.saiki.oita.jp/kiji0036161/3_6161_up_rxtm4u08.pdf,output/pdfs\佐伯市_3_6161_up_rxtm4u08.pdf,https://www.city.saiki.oita.jp/kiji0036161/index.html,4,OK
佐伯市,26(02KG211)（PDF：504.7キロバイト）,PDF,https://www.city.saiki.oita.jp/kiji0036161/3_6161_up_n6r45j5n.pdf,output/pdfs\佐伯市_3_6161_up_n6r45j5n.pdf,https://www.city.saiki.oita.jp/kiji0036161/index.html,4,OK
佐伯市,27(02KG203)（PDF：690.4キロバイト）,PDF,https://www.city.saiki.oita.jp/kiji0036161/3_6161_up_158wgqui.pdf,output/pdfs\佐伯市_3_6161_up_158wgqui.pdf,https://www.city.saiki.oita.jp/kiji0036161/index.html,4,OK
佐伯市,28(02KG204)（PDF：512.5キロバイト）,PDF,https://www.city.saiki.oita.jp/kiji0036161/3_6161_up_z83hnn6d.pdf,output/pdfs\佐伯市_3_6161_up_z83hnn6d.pdf,https://www.city.saiki.oita.jp/kiji0036161/index.html,4,OK
佐伯市,"佐伯都市計画基本図（都市計画区域全域）（10,000分の1）（PDF：5.29メガバイト）",PDF,https://www.city.saiki.oita.jp/kiji0036161/3_6161_up_yvg4wbj5.pdf,output/pdfs\佐伯市_3_6161_up_yvg4wbj5.pdf,https://www.city.saiki.oita.jp/kiji0036161/index.html,4,OK
佐伯市,佐伯市バイオマス産業都市構想（PDF：2.4メガバイト）,PDF,https://www.city.saiki.oita.jp/kiji0032242/3_2242_1_biomas-kousou.pdf,output/pdfs\佐伯市_3_2242_1_biomas-kousou.pdf,https://www.city.saiki.oita.jp/kiji0032242/index.html,3,OK
佐伯市,イメージ図（PDF：858.9キロバイト）,PDF,https://www.city.saiki.oita.jp/kiji0032242/3_2242_2_biomas-image.pdf,output/pdfs\佐伯市_3_2242_2_biomas-image.pdf,https://www.city.saiki.oita.jp/kiji0032242/index.html,3,OK
佐伯市,バイオマス産業都市と選定地域について（PDF：833.6キロバイト）,PDF,https://www.city.saiki.oita.jp/kiji0032242/3_2242_3_biomas-toshi.pdf,output/pdfs\佐伯市_3_2242_3_biomas-toshi.pdf,https://www.city.saiki.oita.jp/kiji0032242/index.html,3,OK
